Title,Type,Priority,Preconditions,Steps,Expected Result,Section
Export enclosed test document to PDF and verify rendering,Regression,4,"Lorem ipsum dolor sit amet, consectetuer adipiscing elit. Donec placerat, dui vitae facilisis tempor.

* Donec placerat, dui vitae
* Ut auctor mi erat ac dolor.
* Lorem ipsum dolor sit amet, consectetuer adipiscing elit.

See [C17].

Cras elit. Etiam massa dolor, ornare sit amet, lacinia nec, bibendum ut, magna. Donec a ipsum et massa lobortis ornare:

> Lorem ipsum dolor sit amet,
consectetuer adipiscing elit. Aliquam hendrerit mi posuere lectus.
Vestibulum enim wisi, viverra nec, fringilla in, laoreet vitae, risus.

Cras elit. Etiam massa dolor, ornare sit amet, lacinia nec, bibendum ut, magna. Donec a ipsum et massa lobortis ornare. Vestibulum hendrerit ultricies quam. Vestibulum viverra ultrices **magna**. Phasellus id velit non neque scelerisque tempus. Praesent nisl dui, commodo sed, porttitor nec, mattis consectetuer, ligula.","Etiam massa dolor, ornare sit amet, lacinia nec, bibendum ut, magna.
		
* Nam feugiat, eros at commodo dictum,
* Felis libero varius orci, in vulputate
* Massa turpis scelerisque diam.
* Nunc et felis est. Phasellus laoreet nibh vel augue
* Faucibus at varius est pretium.

Quisque pellentesque **mauris**.","In vulputate libero **in nulla feugiat tincidunt**. Aenean quis nulla eu dui luctus lobortis. Praesent bibendum, lacus nec mollis eleifend, magna nibh mattis nibh. 

Ac viverra tortor eros sit amet tellus. Massa sodales eget lorem dolor, lorem quam quis eget, tellus vestibulum rutrum:

> Aliquam hendrerit mi posuere lectus. Lorem ipsum dolor sit amet,
consectetuer adipiscing elit. Vestibulum enim wisi, viverra nec,
fringilla in, laoreet vitae, risus.",Prerequisites
Change document margins and test interoperability with PDF export,Other,1,"Lorem ipsum dolor sit amet, consectetuer adipiscing elit. Donec placerat, dui vitae facilisis tempor.

# This is a H1
Lorem ipsum dolor sit amet, consectetuer adipiscing elit. Donec placerat, dui vitae facilisis tempor.

* Donec placerat, dui vitae
* Ut auctor mi erat ac dolor.
* Lorem ipsum dolor sit amet, consectetuer adipiscing elit.

## This is a H2
Cras elit. Etiam massa dolor, ornare sit amet, lacinia nec, bibendum ut, magna. Donec a ipsum et massa lobortis ornare:

> Lorem ipsum dolor sit amet,
consectetuer adipiscing elit. Aliquam hendrerit mi posuere lectus.
Vestibulum enim wisi, viverra nec, fringilla in, laoreet vitae, risus.

### This is a H3

1. Donec placerat, dui vitae
2. Ut auctor mi erat ac dolor.
3. Lorem ipsum dolor sit amet, consectetuer adipiscing elit.

Consectetuer adipiscing elit. Aliquam hendrerit mi posuere lectus.
Vestibulum enim wisi, viverra nec, fringilla in, laoreet vitae, risus at http://testrail.com/.

		.pieChart .legendContainer {
			float: left;
			width: 200px;
			height: 180px;
			margin-right: 60px;
		}
		
Lorem ipsum dolor sit amet,
consectetuer adipiscing elit. Aliquam hendrerit mi posuere lectus.
Vestibulum enim wisi, viverra nec, fringilla in, laoreet vitae, risus.

![TestRail](http://www.gurock.com/images/testrail/screenshots/dashboard-short.png)","In vulputate libero at http://www.example.com/.

* Donec placerat, dui vitae
* Ut auctor mi erat ac dolor.
* Lorem ipsum dolor sit amet, consectetuer adipiscing elit.","In vulputate libero **in nulla feugiat tincidunt**. Aenean quis nulla eu dui luctus lobortis. Praesent bibendum, lacus nec mollis eleifend, magna nibh mattis nibh. 

Ac viverra tortor eros sit amet tellus. Massa sodales eget lorem dolor, lorem quam quis eget, tellus vestibulum rutrum:

> Aliquam hendrerit mi posuere lectus. Lorem ipsum dolor sit amet,
consectetuer adipiscing elit. Vestibulum enim wisi, viverra nec,
fringilla in, laoreet vitae, risus.",Prerequisites
Change text alignment in an inline table,Usability,1,"Lorem ipsum dolor sit amet, consectetuer adipiscing elit. Donec placerat, dui vitae facilisis tempor.

* Donec placerat, dui vitae
* Ut auctor mi erat ac dolor.
* Lorem ipsum dolor sit amet, consectetuer adipiscing elit.

See [C17].

Cras elit. Etiam massa dolor, ornare sit amet, lacinia nec, bibendum ut, magna. Donec a ipsum et massa lobortis ornare:

> Lorem ipsum dolor sit amet,
consectetuer adipiscing elit. Aliquam hendrerit mi posuere lectus.
Vestibulum enim wisi, viverra nec, fringilla in, laoreet vitae, risus.

Cras elit. Etiam massa dolor, ornare sit amet, lacinia nec, bibendum ut, magna. Donec a ipsum et massa lobortis ornare. Vestibulum hendrerit ultricies quam. Vestibulum viverra ultrices **magna**. Phasellus id velit non neque scelerisque tempus. Praesent nisl dui, commodo sed, porttitor nec, mattis consectetuer, ligula.","Aenean quis nulla eu dui luctus lobortis. Praesent bibendum, lacus nec mollis eleifend, magna nibh mattis nibh.
Massa sodales eget lorem dolor, *lorem quam quis eget*, tellus vestibulum rutrum.","Massa sodales eget lorem dolor, lorem quam quis eget, tellus vestibulum rutrum, vel auctor vestibulum lectus ligula ut mauris.",Prerequisites
Verify line spacing on multi-page document,Automated,2,"Lorem ipsum dolor sit amet, consectetuer adipiscing elit. Donec placerat, dui vitae facilisis tempor.

* Donec placerat, dui vitae
* Ut auctor mi erat ac dolor.
* Lorem ipsum dolor sit amet, consectetuer adipiscing elit.

See [C17].

Cras elit. Etiam massa dolor, ornare sit amet, lacinia nec, bibendum ut, magna. Donec a ipsum et massa lobortis ornare:

> Lorem ipsum dolor sit amet,
consectetuer adipiscing elit. Aliquam hendrerit mi posuere lectus.
Vestibulum enim wisi, viverra nec, fringilla in, laoreet vitae, risus.

Cras elit. Etiam massa dolor, ornare sit amet, lacinia nec, bibendum ut, magna. Donec a ipsum et massa lobortis ornare. Vestibulum hendrerit ultricies quam. Vestibulum viverra ultrices **magna**. Phasellus id velit non neque scelerisque tempus. Praesent nisl dui, commodo sed, porttitor nec, mattis consectetuer, ligula.","In vulputate libero **in nulla feugiat tincidunt**:

* Felis libero varius orci, in vulputate
* Massa turpis scelerisque diam.
* Nunc et felis est. Phasellus laoreet nibh vel augue
* Faucibus at varius est pretium.

Lorem ipsum dolor sit amet, consectetuer adipiscing elit. Aenean quis nulla eu dui luctus lobortis. Praesent bibendum.","Massa sodales eget lorem dolor, lorem quam quis eget, tellus vestibulum rutrum, vel auctor vestibulum lectus ligula ut mauris.",Prerequisites
Test conditional formatting with basic value range,Performance,3,"Lorem ipsum dolor sit amet, consectetuer adipiscing elit. Donec placerat, dui vitae facilisis tempor.

* Donec placerat, dui vitae
* Ut auctor mi erat ac dolor.
* Lorem ipsum dolor sit amet, consectetuer adipiscing elit.

See [C17].

Cras elit. Etiam massa dolor, ornare sit amet, lacinia nec, bibendum ut, magna. Donec a ipsum et massa lobortis ornare:

> Lorem ipsum dolor sit amet,
consectetuer adipiscing elit. Aliquam hendrerit mi posuere lectus.
Vestibulum enim wisi, viverra nec, fringilla in, laoreet vitae, risus.

Cras elit. Etiam massa dolor, ornare sit amet, lacinia nec, bibendum ut, magna. Donec a ipsum et massa lobortis ornare. Vestibulum hendrerit ultricies quam. Vestibulum viverra ultrices **magna**. Phasellus id velit non neque scelerisque tempus. Praesent nisl dui, commodo sed, porttitor nec, mattis consectetuer, ligula.","Etiam massa dolor, ornare sit amet, lacinia nec, bibendum ut, magna.
		
* Nam feugiat, eros at commodo dictum,
* Felis libero varius orci, in vulputate
* Massa turpis scelerisque diam.
* Nunc et felis est. Phasellus laoreet nibh vel augue
* Faucibus at varius est pretium.

Quisque pellentesque **mauris**.","In vulputate libero **in nulla feugiat tincidunt**. Aenean quis nulla eu dui luctus lobortis. Praesent bibendum, lacus nec mollis eleifend, magna nibh mattis nibh. 

Ac viverra tortor eros sit amet tellus. Massa sodales eget lorem dolor, lorem quam quis eget, tellus vestibulum rutrum:

> Aliquam hendrerit mi posuere lectus. Lorem ipsum dolor sit amet,
consectetuer adipiscing elit. Vestibulum enim wisi, viverra nec,
fringilla in, laoreet vitae, risus.",Prerequisites
Format table with built-in style,Functionality,3,"Lorem ipsum dolor sit amet, consectetuer adipiscing elit. Donec placerat, dui vitae facilisis tempor.

# This is a H1
Lorem ipsum dolor sit amet, consectetuer adipiscing elit. Donec placerat, dui vitae facilisis tempor.

* Donec placerat, dui vitae
* Ut auctor mi erat ac dolor.
* Lorem ipsum dolor sit amet, consectetuer adipiscing elit.

## This is a H2
Cras elit. Etiam massa dolor, ornare sit amet, lacinia nec, bibendum ut, magna. Donec a ipsum et massa lobortis ornare:

> Lorem ipsum dolor sit amet,
consectetuer adipiscing elit. Aliquam hendrerit mi posuere lectus.
Vestibulum enim wisi, viverra nec, fringilla in, laoreet vitae, risus.

### This is a H3

1. Donec placerat, dui vitae
2. Ut auctor mi erat ac dolor.
3. Lorem ipsum dolor sit amet, consectetuer adipiscing elit.

Consectetuer adipiscing elit. Aliquam hendrerit mi posuere lectus.
Vestibulum enim wisi, viverra nec, fringilla in, laoreet vitae, risus at http://testrail.com/.

		.pieChart .legendContainer {
			float: left;
			width: 200px;
			height: 180px;
			margin-right: 60px;
		}
		
Lorem ipsum dolor sit amet,
consectetuer adipiscing elit. Aliquam hendrerit mi posuere lectus.
Vestibulum enim wisi, viverra nec, fringilla in, laoreet vitae, risus.

![TestRail](http://www.gurock.com/images/testrail/screenshots/dashboard-short.png)","Aenean quis nulla eu dui luctus lobortis:

		h1 {
			font-size: 20px;
			font-weight: bold;
			margin-bottom: 1em;
			margin-top: 0.5em;
		}
		
In vulputate libero **in nulla feugiat tincidunt**. Etiam massa dolor, ornare sit amet, lacinia nec, bibendum ut, magna.","In vulputate libero **in nulla feugiat tincidunt**. Aenean quis nulla eu dui luctus lobortis. Praesent bibendum, lacus nec mollis eleifend, magna nibh mattis nibh. 

Ac viverra tortor eros sit amet tellus. Massa sodales eget lorem dolor, lorem quam quis eget, tellus vestibulum rutrum:

> Aliquam hendrerit mi posuere lectus. Lorem ipsum dolor sit amet,
consectetuer adipiscing elit. Vestibulum enim wisi, viverra nec,
fringilla in, laoreet vitae, risus.",Prerequisites
Apply sort routine to complex table with different currencies,Performance,1,"Suspendisse orci nisi, imperdiet a, sollicitudin sit amet, eleifend sed, metus. Nunc placerat odio sit amet turpis. Maecenas cursus ante ac nunc. [T3].

Quisque pellentesque mauris ut nulla convallis placerat. Vivamus vitae massa eget urna elementum porta.","Aenean quis nulla eu dui luctus lobortis. Praesent bibendum, lacus nec mollis eleifend, magna nibh mattis nibh.
Massa sodales eget lorem dolor, *lorem quam quis eget*, tellus vestibulum rutrum.","In vulputate libero **in nulla feugiat tincidunt**. Aenean quis nulla eu dui luctus lobortis. Praesent bibendum, lacus nec mollis eleifend, magna nibh mattis nibh. 

Ac viverra tortor eros sit amet tellus. Massa sodales eget lorem dolor, lorem quam quis eget, tellus vestibulum rutrum:

> Aliquam hendrerit mi posuere lectus. Lorem ipsum dolor sit amet,
consectetuer adipiscing elit. Vestibulum enim wisi, viverra nec,
fringilla in, laoreet vitae, risus.",Prerequisites
Verify formula rendering with built-in print preview driver,Automated,4,"Lorem ipsum dolor sit amet, consectetuer adipiscing elit. Donec placerat, dui vitae facilisis tempor.

# This is a H1
Lorem ipsum dolor sit amet, consectetuer adipiscing elit. Donec placerat, dui vitae facilisis tempor.

* Donec placerat, dui vitae
* Ut auctor mi erat ac dolor.
* Lorem ipsum dolor sit amet, consectetuer adipiscing elit.

## This is a H2
Cras elit. Etiam massa dolor, ornare sit amet, lacinia nec, bibendum ut, magna. Donec a ipsum et massa lobortis ornare:

> Lorem ipsum dolor sit amet,
consectetuer adipiscing elit. Aliquam hendrerit mi posuere lectus.
Vestibulum enim wisi, viverra nec, fringilla in, laoreet vitae, risus.

### This is a H3

1. Donec placerat, dui vitae
2. Ut auctor mi erat ac dolor.
3. Lorem ipsum dolor sit amet, consectetuer adipiscing elit.

Consectetuer adipiscing elit. Aliquam hendrerit mi posuere lectus.
Vestibulum enim wisi, viverra nec, fringilla in, laoreet vitae, risus at http://testrail.com/.

		.pieChart .legendContainer {
			float: left;
			width: 200px;
			height: 180px;
			margin-right: 60px;
		}
		
Lorem ipsum dolor sit amet,
consectetuer adipiscing elit. Aliquam hendrerit mi posuere lectus.
Vestibulum enim wisi, viverra nec, fringilla in, laoreet vitae, risus.

![TestRail](http://www.gurock.com/images/testrail/screenshots/dashboard-short.png)","In vulputate libero at http://www.example.com/.

* Donec placerat, dui vitae
* Ut auctor mi erat ac dolor.
* Lorem ipsum dolor sit amet, consectetuer adipiscing elit.","In vulputate libero **in nulla feugiat tincidunt**. Aenean quis nulla eu dui luctus lobortis. Praesent bibendum, lacus nec mollis eleifend, magna nibh mattis nibh. 

Ac viverra tortor eros sit amet tellus. Massa sodales eget lorem dolor, lorem quam quis eget, tellus vestibulum rutrum:

> Aliquam hendrerit mi posuere lectus. Lorem ipsum dolor sit amet,
consectetuer adipiscing elit. Vestibulum enim wisi, viverra nec,
fringilla in, laoreet vitae, risus.",Prerequisites
Verify CSV import with enclosed test data files,Other,2,"Suspendisse orci nisi, imperdiet a, sollicitudin sit amet, eleifend sed, metus. Nunc placerat odio sit amet turpis. Maecenas cursus ante ac nunc. [T3].

Quisque pellentesque mauris ut nulla convallis placerat. Vivamus vitae massa eget urna elementum porta.","Aenean quis nulla eu dui luctus lobortis. Praesent bibendum, lacus nec mollis eleifend, magna nibh mattis nibh.
Massa sodales eget lorem dolor, *lorem quam quis eget*, tellus vestibulum rutrum.","Massa sodales eget lorem dolor, lorem quam quis eget, tellus vestibulum rutrum, vel auctor vestibulum lectus ligula ut mauris.",Documentation & Help
"Change document attributes (author, title, organization)",Automated,2,"Lorem ipsum dolor sit amet, consectetuer adipiscing elit. Donec placerat, dui vitae facilisis tempor.

# This is a H1
Lorem ipsum dolor sit amet, consectetuer adipiscing elit. Donec placerat, dui vitae facilisis tempor.

* Donec placerat, dui vitae
* Ut auctor mi erat ac dolor.
* Lorem ipsum dolor sit amet, consectetuer adipiscing elit.

## This is a H2
Cras elit. Etiam massa dolor, ornare sit amet, lacinia nec, bibendum ut, magna. Donec a ipsum et massa lobortis ornare:

> Lorem ipsum dolor sit amet,
consectetuer adipiscing elit. Aliquam hendrerit mi posuere lectus.
Vestibulum enim wisi, viverra nec, fringilla in, laoreet vitae, risus.

### This is a H3

1. Donec placerat, dui vitae
2. Ut auctor mi erat ac dolor.
3. Lorem ipsum dolor sit amet, consectetuer adipiscing elit.

Consectetuer adipiscing elit. Aliquam hendrerit mi posuere lectus.
Vestibulum enim wisi, viverra nec, fringilla in, laoreet vitae, risus at http://testrail.com/.

		.pieChart .legendContainer {
			float: left;
			width: 200px;
			height: 180px;
			margin-right: 60px;
		}
		
Lorem ipsum dolor sit amet,
consectetuer adipiscing elit. Aliquam hendrerit mi posuere lectus.
Vestibulum enim wisi, viverra nec, fringilla in, laoreet vitae, risus.

![TestRail](http://www.gurock.com/images/testrail/screenshots/dashboard-short.png)","In vulputate libero **in nulla feugiat tincidunt**:

* Felis libero varius orci, in vulputate
* Massa turpis scelerisque diam.
* Nunc et felis est. Phasellus laoreet nibh vel augue
* Faucibus at varius est pretium.

Lorem ipsum dolor sit amet, consectetuer adipiscing elit. Aenean quis nulla eu dui luctus lobortis. Praesent bibendum.","Massa sodales eget lorem dolor, lorem quam quis eget, tellus vestibulum rutrum, vel auctor vestibulum lectus ligula ut mauris.",Documentation & Help
Print document history and attributes,Regression,2,"Lorem ipsum dolor sit amet, consectetuer adipiscing elit. Donec placerat, dui vitae facilisis tempor.

# This is a H1
Lorem ipsum dolor sit amet, consectetuer adipiscing elit. Donec placerat, dui vitae facilisis tempor.

* Donec placerat, dui vitae
* Ut auctor mi erat ac dolor.
* Lorem ipsum dolor sit amet, consectetuer adipiscing elit.

## This is a H2
Cras elit. Etiam massa dolor, ornare sit amet, lacinia nec, bibendum ut, magna. Donec a ipsum et massa lobortis ornare:

> Lorem ipsum dolor sit amet,
consectetuer adipiscing elit. Aliquam hendrerit mi posuere lectus.
Vestibulum enim wisi, viverra nec, fringilla in, laoreet vitae, risus.

### This is a H3

1. Donec placerat, dui vitae
2. Ut auctor mi erat ac dolor.
3. Lorem ipsum dolor sit amet, consectetuer adipiscing elit.

Consectetuer adipiscing elit. Aliquam hendrerit mi posuere lectus.
Vestibulum enim wisi, viverra nec, fringilla in, laoreet vitae, risus at http://testrail.com/.

		.pieChart .legendContainer {
			float: left;
			width: 200px;
			height: 180px;
			margin-right: 60px;
		}
		
Lorem ipsum dolor sit amet,
consectetuer adipiscing elit. Aliquam hendrerit mi posuere lectus.
Vestibulum enim wisi, viverra nec, fringilla in, laoreet vitae, risus.

![TestRail](http://www.gurock.com/images/testrail/screenshots/dashboard-short.png)","In vulputate libero **in nulla feugiat tincidunt**:

* Felis libero varius orci, in vulputate
* Massa turpis scelerisque diam.
* Nunc et felis est. Phasellus laoreet nibh vel augue
* Faucibus at varius est pretium.

Lorem ipsum dolor sit amet, consectetuer adipiscing elit. Aenean quis nulla eu dui luctus lobortis. Praesent bibendum.","In vulputate libero **in nulla feugiat tincidunt**. Aenean quis nulla eu dui luctus lobortis. Praesent bibendum, lacus nec mollis eleifend, magna nibh mattis nibh. 

Ac viverra tortor eros sit amet tellus. Massa sodales eget lorem dolor, lorem quam quis eget, tellus vestibulum rutrum:

> Aliquam hendrerit mi posuere lectus. Lorem ipsum dolor sit amet,
consectetuer adipiscing elit. Vestibulum enim wisi, viverra nec,
fringilla in, laoreet vitae, risus.",Documentation & Help
Add new review data point (including note),Functionality,2,"Lorem ipsum dolor sit amet, consectetuer adipiscing elit. Donec placerat, dui vitae facilisis tempor.

* Donec placerat, dui vitae
* Ut auctor mi erat ac dolor.
* Lorem ipsum dolor sit amet, consectetuer adipiscing elit.

See [C17].

Cras elit. Etiam massa dolor, ornare sit amet, lacinia nec, bibendum ut, magna. Donec a ipsum et massa lobortis ornare:

> Lorem ipsum dolor sit amet,
consectetuer adipiscing elit. Aliquam hendrerit mi posuere lectus.
Vestibulum enim wisi, viverra nec, fringilla in, laoreet vitae, risus.

Cras elit. Etiam massa dolor, ornare sit amet, lacinia nec, bibendum ut, magna. Donec a ipsum et massa lobortis ornare. Vestibulum hendrerit ultricies quam. Vestibulum viverra ultrices **magna**. Phasellus id velit non neque scelerisque tempus. Praesent nisl dui, commodo sed, porttitor nec, mattis consectetuer, ligula.","Aenean quis nulla eu dui luctus lobortis. Praesent bibendum, lacus nec mollis eleifend, magna nibh mattis nibh.
Massa sodales eget lorem dolor, *lorem quam quis eget*, tellus vestibulum rutrum.","In vulputate libero **in nulla feugiat tincidunt**. Aenean quis nulla eu dui luctus lobortis. Praesent bibendum, lacus nec mollis eleifend, magna nibh mattis nibh. 

Ac viverra tortor eros sit amet tellus. Massa sodales eget lorem dolor, lorem quam quis eget, tellus vestibulum rutrum:

> Aliquam hendrerit mi posuere lectus. Lorem ipsum dolor sit amet,
consectetuer adipiscing elit. Vestibulum enim wisi, viverra nec,
fringilla in, laoreet vitae, risus.",Documentation & Help
Add document footer with page numbers and author,Other,5,"Lorem ipsum dolor sit amet, consectetuer adipiscing elit. Donec placerat, dui vitae facilisis tempor.

# This is a H1
Lorem ipsum dolor sit amet, consectetuer adipiscing elit. Donec placerat, dui vitae facilisis tempor.

* Donec placerat, dui vitae
* Ut auctor mi erat ac dolor.
* Lorem ipsum dolor sit amet, consectetuer adipiscing elit.

## This is a H2
Cras elit. Etiam massa dolor, ornare sit amet, lacinia nec, bibendum ut, magna. Donec a ipsum et massa lobortis ornare:

> Lorem ipsum dolor sit amet,
consectetuer adipiscing elit. Aliquam hendrerit mi posuere lectus.
Vestibulum enim wisi, viverra nec, fringilla in, laoreet vitae, risus.

### This is a H3

1. Donec placerat, dui vitae
2. Ut auctor mi erat ac dolor.
3. Lorem ipsum dolor sit amet, consectetuer adipiscing elit.

Consectetuer adipiscing elit. Aliquam hendrerit mi posuere lectus.
Vestibulum enim wisi, viverra nec, fringilla in, laoreet vitae, risus at http://testrail.com/.

		.pieChart .legendContainer {
			float: left;
			width: 200px;
			height: 180px;
			margin-right: 60px;
		}
		
Lorem ipsum dolor sit amet,
consectetuer adipiscing elit. Aliquam hendrerit mi posuere lectus.
Vestibulum enim wisi, viverra nec, fringilla in, laoreet vitae, risus.

![TestRail](http://www.gurock.com/images/testrail/screenshots/dashboard-short.png)","In vulputate libero **in nulla feugiat tincidunt**:

* Felis libero varius orci, in vulputate
* Massa turpis scelerisque diam.
* Nunc et felis est. Phasellus laoreet nibh vel augue
* Faucibus at varius est pretium.

Lorem ipsum dolor sit amet, consectetuer adipiscing elit. Aenean quis nulla eu dui luctus lobortis. Praesent bibendum.","Massa sodales eget lorem dolor, lorem quam quis eget, tellus vestibulum rutrum, vel auctor vestibulum lectus ligula ut mauris.",Documentation & Help
Add document header with document title,Automated,3,"Lorem ipsum dolor sit amet, consectetuer adipiscing elit. Donec placerat, dui vitae facilisis tempor.

# This is a H1
Lorem ipsum dolor sit amet, consectetuer adipiscing elit. Donec placerat, dui vitae facilisis tempor.

* Donec placerat, dui vitae
* Ut auctor mi erat ac dolor.
* Lorem ipsum dolor sit amet, consectetuer adipiscing elit.

## This is a H2
Cras elit. Etiam massa dolor, ornare sit amet, lacinia nec, bibendum ut, magna. Donec a ipsum et massa lobortis ornare:

> Lorem ipsum dolor sit amet,
consectetuer adipiscing elit. Aliquam hendrerit mi posuere lectus.
Vestibulum enim wisi, viverra nec, fringilla in, laoreet vitae, risus.

### This is a H3

1. Donec placerat, dui vitae
2. Ut auctor mi erat ac dolor.
3. Lorem ipsum dolor sit amet, consectetuer adipiscing elit.

Consectetuer adipiscing elit. Aliquam hendrerit mi posuere lectus.
Vestibulum enim wisi, viverra nec, fringilla in, laoreet vitae, risus at http://testrail.com/.

		.pieChart .legendContainer {
			float: left;
			width: 200px;
			height: 180px;
			margin-right: 60px;
		}
		
Lorem ipsum dolor sit amet,
consectetuer adipiscing elit. Aliquam hendrerit mi posuere lectus.
Vestibulum enim wisi, viverra nec, fringilla in, laoreet vitae, risus.

![TestRail](http://www.gurock.com/images/testrail/screenshots/dashboard-short.png)","In vulputate libero at http://www.example.com/.

* Donec placerat, dui vitae
* Ut auctor mi erat ac dolor.
* Lorem ipsum dolor sit amet, consectetuer adipiscing elit.","Massa sodales eget lorem dolor, lorem quam quis eget, tellus vestibulum rutrum, vel auctor vestibulum lectus ligula ut mauris.",Documentation & Help
Change document orientation from portrait to landscape mode,Usability,2,"Suspendisse orci nisi, imperdiet a, sollicitudin sit amet, eleifend sed, metus. Nunc placerat odio sit amet turpis. Maecenas cursus ante ac nunc. [T3].

Quisque pellentesque mauris ut nulla convallis placerat. Vivamus vitae massa eget urna elementum porta.","In vulputate libero **in nulla feugiat tincidunt**:

* Felis libero varius orci, in vulputate
* Massa turpis scelerisque diam.
* Nunc et felis est. Phasellus laoreet nibh vel augue
* Faucibus at varius est pretium.

Lorem ipsum dolor sit amet, consectetuer adipiscing elit. Aenean quis nulla eu dui luctus lobortis. Praesent bibendum.","In vulputate libero **in nulla feugiat tincidunt**. Aenean quis nulla eu dui luctus lobortis. Praesent bibendum, lacus nec mollis eleifend, magna nibh mattis nibh. 

Ac viverra tortor eros sit amet tellus. Massa sodales eget lorem dolor, lorem quam quis eget, tellus vestibulum rutrum:

> Aliquam hendrerit mi posuere lectus. Lorem ipsum dolor sit amet,
consectetuer adipiscing elit. Vestibulum enim wisi, viverra nec,
fringilla in, laoreet vitae, risus.",Documentation & Help
Compare print preview of printer driver with actual output,Usability,4,"Lorem ipsum dolor sit amet, consectetur adipiscing elit. **Fusce** faucibus, mauris sit amet rutrum bibendum, dui odio tincidunt nibh, sed semper magna turpis eget magna.","Aenean quis nulla eu dui luctus lobortis. Praesent bibendum, lacus nec mollis eleifend, magna nibh mattis nibh.
Massa sodales eget lorem dolor, *lorem quam quis eget*, tellus vestibulum rutrum.","In vulputate libero **in nulla feugiat tincidunt**. Aenean quis nulla eu dui luctus lobortis. Praesent bibendum, lacus nec mollis eleifend, magna nibh mattis nibh. 

Ac viverra tortor eros sit amet tellus. Massa sodales eget lorem dolor, lorem quam quis eget, tellus vestibulum rutrum:

> Aliquam hendrerit mi posuere lectus. Lorem ipsum dolor sit amet,
consectetuer adipiscing elit. Vestibulum enim wisi, viverra nec,
fringilla in, laoreet vitae, risus.",Documentation & Help
Verify space and indentation calculations of inline tables,Performance,3,"Suspendisse orci nisi, imperdiet a, sollicitudin sit amet, eleifend sed, metus. Nunc placerat odio sit amet turpis. Maecenas cursus ante ac nunc. [T3].

Quisque pellentesque mauris ut nulla convallis placerat. Vivamus vitae massa eget urna elementum porta.","Aenean quis nulla eu dui luctus lobortis:

		h1 {
			font-size: 20px;
			font-weight: bold;
			margin-bottom: 1em;
			margin-top: 0.5em;
		}
		
In vulputate libero **in nulla feugiat tincidunt**. Etiam massa dolor, ornare sit amet, lacinia nec, bibendum ut, magna.","In vulputate libero **in nulla feugiat tincidunt**. Aenean quis nulla eu dui luctus lobortis. Praesent bibendum, lacus nec mollis eleifend, magna nibh mattis nibh. 

Ac viverra tortor eros sit amet tellus. Massa sodales eget lorem dolor, lorem quam quis eget, tellus vestibulum rutrum:

> Aliquam hendrerit mi posuere lectus. Lorem ipsum dolor sit amet,
consectetuer adipiscing elit. Vestibulum enim wisi, viverra nec,
fringilla in, laoreet vitae, risus.",Documentation & Help
Add watermark to document and verify print output,Usability,2,"Lorem ipsum dolor sit amet, consectetur adipiscing elit. **Fusce** faucibus, mauris sit amet rutrum bibendum, dui odio tincidunt nibh, sed semper magna turpis eget magna.","In vulputate libero **in nulla feugiat tincidunt**:

* Felis libero varius orci, in vulputate
* Massa turpis scelerisque diam.
* Nunc et felis est. Phasellus laoreet nibh vel augue
* Faucibus at varius est pretium.

Lorem ipsum dolor sit amet, consectetuer adipiscing elit. Aenean quis nulla eu dui luctus lobortis. Praesent bibendum.","Massa sodales eget lorem dolor, lorem quam quis eget, tellus vestibulum rutrum, vel auctor vestibulum lectus ligula ut mauris.",Documentation & Help > Licensing & Terms
Verify Mail Merge functionality with test database mmdb1,Regression,3,"Lorem ipsum dolor sit amet, consectetur adipiscing elit. **Fusce** faucibus, mauris sit amet rutrum bibendum, dui odio tincidunt nibh, sed semper magna turpis eget magna.","In vulputate libero at http://www.example.com/.

* Donec placerat, dui vitae
* Ut auctor mi erat ac dolor.
* Lorem ipsum dolor sit amet, consectetuer adipiscing elit.","In vulputate libero **in nulla feugiat tincidunt**. Aenean quis nulla eu dui luctus lobortis. Praesent bibendum, lacus nec mollis eleifend, magna nibh mattis nibh. 

Ac viverra tortor eros sit amet tellus. Massa sodales eget lorem dolor, lorem quam quis eget, tellus vestibulum rutrum:

> Aliquam hendrerit mi posuere lectus. Lorem ipsum dolor sit amet,
consectetuer adipiscing elit. Vestibulum enim wisi, viverra nec,
fringilla in, laoreet vitae, risus.",Documentation & Help > Licensing & Terms
Test full screen reading on minimal resolution system,Usability,5,"Lorem ipsum dolor sit amet, consectetur adipiscing elit. **Fusce** faucibus, mauris sit amet rutrum bibendum, dui odio tincidunt nibh, sed semper magna turpis eget magna.","In vulputate libero at http://www.example.com/.

* Donec placerat, dui vitae
* Ut auctor mi erat ac dolor.
* Lorem ipsum dolor sit amet, consectetuer adipiscing elit.","Massa sodales eget lorem dolor, lorem quam quis eget, tellus vestibulum rutrum, vel auctor vestibulum lectus ligula ut mauris.",Documentation & Help > Licensing & Terms
Verify Arrange All Windows functionality on multi-monitor system,Functionality,3,"Lorem ipsum dolor sit amet, consectetur adipiscing elit. **Fusce** faucibus, mauris sit amet rutrum bibendum, dui odio tincidunt nibh, sed semper magna turpis eget magna.","Aenean quis nulla eu dui luctus lobortis. Praesent bibendum, lacus nec mollis eleifend, magna nibh mattis nibh.
Massa sodales eget lorem dolor, *lorem quam quis eget*, tellus vestibulum rutrum.","Massa sodales eget lorem dolor, lorem quam quis eget, tellus vestibulum rutrum, vel auctor vestibulum lectus ligula ut mauris.",Documentation & Help > Licensing & Terms
Apply built-in theme to document and verify print output,Functionality,4,"Lorem ipsum dolor sit amet, consectetuer adipiscing elit. Donec placerat, dui vitae facilisis tempor.

* Donec placerat, dui vitae
* Ut auctor mi erat ac dolor.
* Lorem ipsum dolor sit amet, consectetuer adipiscing elit.

See [C17].

Cras elit. Etiam massa dolor, ornare sit amet, lacinia nec, bibendum ut, magna. Donec a ipsum et massa lobortis ornare:

> Lorem ipsum dolor sit amet,
consectetuer adipiscing elit. Aliquam hendrerit mi posuere lectus.
Vestibulum enim wisi, viverra nec, fringilla in, laoreet vitae, risus.

Cras elit. Etiam massa dolor, ornare sit amet, lacinia nec, bibendum ut, magna. Donec a ipsum et massa lobortis ornare. Vestibulum hendrerit ultricies quam. Vestibulum viverra ultrices **magna**. Phasellus id velit non neque scelerisque tempus. Praesent nisl dui, commodo sed, porttitor nec, mattis consectetuer, ligula.","In vulputate libero at http://www.example.com/.

* Donec placerat, dui vitae
* Ut auctor mi erat ac dolor.
* Lorem ipsum dolor sit amet, consectetuer adipiscing elit.","In vulputate libero **in nulla feugiat tincidunt**. Aenean quis nulla eu dui luctus lobortis. Praesent bibendum, lacus nec mollis eleifend, magna nibh mattis nibh. 

Ac viverra tortor eros sit amet tellus. Massa sodales eget lorem dolor, lorem quam quis eget, tellus vestibulum rutrum:

> Aliquam hendrerit mi posuere lectus. Lorem ipsum dolor sit amet,
consectetuer adipiscing elit. Vestibulum enim wisi, viverra nec,
fringilla in, laoreet vitae, risus.",Documentation & Help > Licensing & Terms
Verify clipboard history with platform independent graphic file,Usability,5,"Suspendisse orci nisi, imperdiet a, sollicitudin sit amet, eleifend sed, metus. Nunc placerat odio sit amet turpis. Maecenas cursus ante ac nunc. [T3].

Quisque pellentesque mauris ut nulla convallis placerat. Vivamus vitae massa eget urna elementum porta.","In vulputate libero at http://www.example.com/.

* Donec placerat, dui vitae
* Ut auctor mi erat ac dolor.
* Lorem ipsum dolor sit amet, consectetuer adipiscing elit.","Massa sodales eget lorem dolor, lorem quam quis eget, tellus vestibulum rutrum, vel auctor vestibulum lectus ligula ut mauris.",Documentation & Help > Licensing & Terms
Add numbered list to inline table within an document,Other,1,"Lorem ipsum dolor sit amet, consectetuer adipiscing elit. Donec placerat, dui vitae facilisis tempor.

* Donec placerat, dui vitae
* Ut auctor mi erat ac dolor.
* Lorem ipsum dolor sit amet, consectetuer adipiscing elit.

See [C17].

Cras elit. Etiam massa dolor, ornare sit amet, lacinia nec, bibendum ut, magna. Donec a ipsum et massa lobortis ornare:

> Lorem ipsum dolor sit amet,
consectetuer adipiscing elit. Aliquam hendrerit mi posuere lectus.
Vestibulum enim wisi, viverra nec, fringilla in, laoreet vitae, risus.

Cras elit. Etiam massa dolor, ornare sit amet, lacinia nec, bibendum ut, magna. Donec a ipsum et massa lobortis ornare. Vestibulum hendrerit ultricies quam. Vestibulum viverra ultrices **magna**. Phasellus id velit non neque scelerisque tempus. Praesent nisl dui, commodo sed, porttitor nec, mattis consectetuer, ligula.","Aenean quis nulla eu dui luctus lobortis:

		h1 {
			font-size: 20px;
			font-weight: bold;
			margin-bottom: 1em;
			margin-top: 0.5em;
		}
		
In vulputate libero **in nulla feugiat tincidunt**. Etiam massa dolor, ornare sit amet, lacinia nec, bibendum ut, magna.","Massa sodales eget lorem dolor, lorem quam quis eget, tellus vestibulum rutrum, vel auctor vestibulum lectus ligula ut mauris.",Documentation & Help > Licensing & Terms
Test incremental search with multi-page document,Other,1,"Lorem ipsum dolor sit amet, consectetur adipiscing elit. **Fusce** faucibus, mauris sit amet rutrum bibendum, dui odio tincidunt nibh, sed semper magna turpis eget magna.","In vulputate libero at http://www.example.com/.

* Donec placerat, dui vitae
* Ut auctor mi erat ac dolor.
* Lorem ipsum dolor sit amet, consectetuer adipiscing elit.","Massa sodales eget lorem dolor, lorem quam quis eget, tellus vestibulum rutrum, vel auctor vestibulum lectus ligula ut mauris.",Customization
Verify interoperability with system file dialogs,Performance,1,"Lorem ipsum dolor sit amet, consectetuer adipiscing elit. Donec placerat, dui vitae facilisis tempor.

# This is a H1
Lorem ipsum dolor sit amet, consectetuer adipiscing elit. Donec placerat, dui vitae facilisis tempor.

* Donec placerat, dui vitae
* Ut auctor mi erat ac dolor.
* Lorem ipsum dolor sit amet, consectetuer adipiscing elit.

## This is a H2
Cras elit. Etiam massa dolor, ornare sit amet, lacinia nec, bibendum ut, magna. Donec a ipsum et massa lobortis ornare:

> Lorem ipsum dolor sit amet,
consectetuer adipiscing elit. Aliquam hendrerit mi posuere lectus.
Vestibulum enim wisi, viverra nec, fringilla in, laoreet vitae, risus.

### This is a H3

1. Donec placerat, dui vitae
2. Ut auctor mi erat ac dolor.
3. Lorem ipsum dolor sit amet, consectetuer adipiscing elit.

Consectetuer adipiscing elit. Aliquam hendrerit mi posuere lectus.
Vestibulum enim wisi, viverra nec, fringilla in, laoreet vitae, risus at http://testrail.com/.

		.pieChart .legendContainer {
			float: left;
			width: 200px;
			height: 180px;
			margin-right: 60px;
		}
		
Lorem ipsum dolor sit amet,
consectetuer adipiscing elit. Aliquam hendrerit mi posuere lectus.
Vestibulum enim wisi, viverra nec, fringilla in, laoreet vitae, risus.

![TestRail](http://www.gurock.com/images/testrail/screenshots/dashboard-short.png)","In vulputate libero **in nulla feugiat tincidunt**:

* Felis libero varius orci, in vulputate
* Massa turpis scelerisque diam.
* Nunc et felis est. Phasellus laoreet nibh vel augue
* Faucibus at varius est pretium.

Lorem ipsum dolor sit amet, consectetuer adipiscing elit. Aenean quis nulla eu dui luctus lobortis. Praesent bibendum.","Massa sodales eget lorem dolor, lorem quam quis eget, tellus vestibulum rutrum, vel auctor vestibulum lectus ligula ut mauris.",Customization
Test menu keyboard bindings and shortcuts,Performance,2,"Lorem ipsum dolor sit amet, consectetuer adipiscing elit. Donec placerat, dui vitae facilisis tempor.

# This is a H1
Lorem ipsum dolor sit amet, consectetuer adipiscing elit. Donec placerat, dui vitae facilisis tempor.

* Donec placerat, dui vitae
* Ut auctor mi erat ac dolor.
* Lorem ipsum dolor sit amet, consectetuer adipiscing elit.

## This is a H2
Cras elit. Etiam massa dolor, ornare sit amet, lacinia nec, bibendum ut, magna. Donec a ipsum et massa lobortis ornare:

> Lorem ipsum dolor sit amet,
consectetuer adipiscing elit. Aliquam hendrerit mi posuere lectus.
Vestibulum enim wisi, viverra nec, fringilla in, laoreet vitae, risus.

### This is a H3

1. Donec placerat, dui vitae
2. Ut auctor mi erat ac dolor.
3. Lorem ipsum dolor sit amet, consectetuer adipiscing elit.

Consectetuer adipiscing elit. Aliquam hendrerit mi posuere lectus.
Vestibulum enim wisi, viverra nec, fringilla in, laoreet vitae, risus at http://testrail.com/.

		.pieChart .legendContainer {
			float: left;
			width: 200px;
			height: 180px;
			margin-right: 60px;
		}
		
Lorem ipsum dolor sit amet,
consectetuer adipiscing elit. Aliquam hendrerit mi posuere lectus.
Vestibulum enim wisi, viverra nec, fringilla in, laoreet vitae, risus.

![TestRail](http://www.gurock.com/images/testrail/screenshots/dashboard-short.png)","Aenean quis nulla eu dui luctus lobortis:

		h1 {
			font-size: 20px;
			font-weight: bold;
			margin-bottom: 1em;
			margin-top: 0.5em;
		}
		
In vulputate libero **in nulla feugiat tincidunt**. Etiam massa dolor, ornare sit amet, lacinia nec, bibendum ut, magna.","In vulputate libero **in nulla feugiat tincidunt**. Aenean quis nulla eu dui luctus lobortis. Praesent bibendum, lacus nec mollis eleifend, magna nibh mattis nibh. 

Ac viverra tortor eros sit amet tellus. Massa sodales eget lorem dolor, lorem quam quis eget, tellus vestibulum rutrum:

> Aliquam hendrerit mi posuere lectus. Lorem ipsum dolor sit amet,
consectetuer adipiscing elit. Vestibulum enim wisi, viverra nec,
fringilla in, laoreet vitae, risus.",Customization
"Verify title, sub title and heading styles",Performance,1,"Lorem ipsum dolor sit amet, consectetur adipiscing elit. **Fusce** faucibus, mauris sit amet rutrum bibendum, dui odio tincidunt nibh, sed semper magna turpis eget magna.","In vulputate libero **in nulla feugiat tincidunt**:

* Felis libero varius orci, in vulputate
* Massa turpis scelerisque diam.
* Nunc et felis est. Phasellus laoreet nibh vel augue
* Faucibus at varius est pretium.

Lorem ipsum dolor sit amet, consectetuer adipiscing elit. Aenean quis nulla eu dui luctus lobortis. Praesent bibendum.","In vulputate libero **in nulla feugiat tincidunt**. Aenean quis nulla eu dui luctus lobortis. Praesent bibendum, lacus nec mollis eleifend, magna nibh mattis nibh. 

Ac viverra tortor eros sit amet tellus. Massa sodales eget lorem dolor, lorem quam quis eget, tellus vestibulum rutrum:

> Aliquam hendrerit mi posuere lectus. Lorem ipsum dolor sit amet,
consectetuer adipiscing elit. Vestibulum enim wisi, viverra nec,
fringilla in, laoreet vitae, risus.",Customization
Test add-in installation and verify menu appearance,Functionality,3,"Lorem ipsum dolor sit amet, consectetuer adipiscing elit. Donec placerat, dui vitae facilisis tempor.

# This is a H1
Lorem ipsum dolor sit amet, consectetuer adipiscing elit. Donec placerat, dui vitae facilisis tempor.

* Donec placerat, dui vitae
* Ut auctor mi erat ac dolor.
* Lorem ipsum dolor sit amet, consectetuer adipiscing elit.

## This is a H2
Cras elit. Etiam massa dolor, ornare sit amet, lacinia nec, bibendum ut, magna. Donec a ipsum et massa lobortis ornare:

> Lorem ipsum dolor sit amet,
consectetuer adipiscing elit. Aliquam hendrerit mi posuere lectus.
Vestibulum enim wisi, viverra nec, fringilla in, laoreet vitae, risus.

### This is a H3

1. Donec placerat, dui vitae
2. Ut auctor mi erat ac dolor.
3. Lorem ipsum dolor sit amet, consectetuer adipiscing elit.

Consectetuer adipiscing elit. Aliquam hendrerit mi posuere lectus.
Vestibulum enim wisi, viverra nec, fringilla in, laoreet vitae, risus at http://testrail.com/.

		.pieChart .legendContainer {
			float: left;
			width: 200px;
			height: 180px;
			margin-right: 60px;
		}
		
Lorem ipsum dolor sit amet,
consectetuer adipiscing elit. Aliquam hendrerit mi posuere lectus.
Vestibulum enim wisi, viverra nec, fringilla in, laoreet vitae, risus.

![TestRail](http://www.gurock.com/images/testrail/screenshots/dashboard-short.png)","Aenean quis nulla eu dui luctus lobortis:

		h1 {
			font-size: 20px;
			font-weight: bold;
			margin-bottom: 1em;
			margin-top: 0.5em;
		}
		
In vulputate libero **in nulla feugiat tincidunt**. Etiam massa dolor, ornare sit amet, lacinia nec, bibendum ut, magna.","Massa sodales eget lorem dolor, lorem quam quis eget, tellus vestibulum rutrum, vel auctor vestibulum lectus ligula ut mauris.",Customization
Add footnotes to document and verify footnote numbering,Other,3,"Suspendisse orci nisi, imperdiet a, sollicitudin sit amet, eleifend sed, metus. Nunc placerat odio sit amet turpis. Maecenas cursus ante ac nunc. [T3].

Quisque pellentesque mauris ut nulla convallis placerat. Vivamus vitae massa eget urna elementum porta.","Aenean quis nulla eu dui luctus lobortis:

		h1 {
			font-size: 20px;
			font-weight: bold;
			margin-bottom: 1em;
			margin-top: 0.5em;
		}
		
In vulputate libero **in nulla feugiat tincidunt**. Etiam massa dolor, ornare sit amet, lacinia nec, bibendum ut, magna.","In vulputate libero **in nulla feugiat tincidunt**. Aenean quis nulla eu dui luctus lobortis. Praesent bibendum, lacus nec mollis eleifend, magna nibh mattis nibh. 

Ac viverra tortor eros sit amet tellus. Massa sodales eget lorem dolor, lorem quam quis eget, tellus vestibulum rutrum:

> Aliquam hendrerit mi posuere lectus. Lorem ipsum dolor sit amet,
consectetuer adipiscing elit. Vestibulum enim wisi, viverra nec,
fringilla in, laoreet vitae, risus.",Customization
Add and verify Tables of Contents with multi-page document,Usability,3,"Lorem ipsum dolor sit amet, consectetuer adipiscing elit. Donec placerat, dui vitae facilisis tempor.

* Donec placerat, dui vitae
* Ut auctor mi erat ac dolor.
* Lorem ipsum dolor sit amet, consectetuer adipiscing elit.

See [C17].

Cras elit. Etiam massa dolor, ornare sit amet, lacinia nec, bibendum ut, magna. Donec a ipsum et massa lobortis ornare:

> Lorem ipsum dolor sit amet,
consectetuer adipiscing elit. Aliquam hendrerit mi posuere lectus.
Vestibulum enim wisi, viverra nec, fringilla in, laoreet vitae, risus.

Cras elit. Etiam massa dolor, ornare sit amet, lacinia nec, bibendum ut, magna. Donec a ipsum et massa lobortis ornare. Vestibulum hendrerit ultricies quam. Vestibulum viverra ultrices **magna**. Phasellus id velit non neque scelerisque tempus. Praesent nisl dui, commodo sed, porttitor nec, mattis consectetuer, ligula.","In vulputate libero at http://www.example.com/.

* Donec placerat, dui vitae
* Ut auctor mi erat ac dolor.
* Lorem ipsum dolor sit amet, consectetuer adipiscing elit.","Massa sodales eget lorem dolor, lorem quam quis eget, tellus vestibulum rutrum, vel auctor vestibulum lectus ligula ut mauris.",Customization
Change page color and verify print output,Other,5,"Suspendisse orci nisi, imperdiet a, sollicitudin sit amet, eleifend sed, metus. Nunc placerat odio sit amet turpis. Maecenas cursus ante ac nunc. [T3].

Quisque pellentesque mauris ut nulla convallis placerat. Vivamus vitae massa eget urna elementum porta.","Etiam massa dolor, ornare sit amet, lacinia nec, bibendum ut, magna.
		
* Nam feugiat, eros at commodo dictum,
* Felis libero varius orci, in vulputate
* Massa turpis scelerisque diam.
* Nunc et felis est. Phasellus laoreet nibh vel augue
* Faucibus at varius est pretium.

Quisque pellentesque **mauris**.","In vulputate libero **in nulla feugiat tincidunt**. Aenean quis nulla eu dui luctus lobortis. Praesent bibendum, lacus nec mollis eleifend, magna nibh mattis nibh. 

Ac viverra tortor eros sit amet tellus. Massa sodales eget lorem dolor, lorem quam quis eget, tellus vestibulum rutrum:

> Aliquam hendrerit mi posuere lectus. Lorem ipsum dolor sit amet,
consectetuer adipiscing elit. Vestibulum enim wisi, viverra nec,
fringilla in, laoreet vitae, risus.",Customization
Export enclosed test document to PDF and verify rendering,Performance,4,"Lorem ipsum dolor sit amet, consectetur adipiscing elit. **Fusce** faucibus, mauris sit amet rutrum bibendum, dui odio tincidunt nibh, sed semper magna turpis eget magna.","In vulputate libero **in nulla feugiat tincidunt**:

* Felis libero varius orci, in vulputate
* Massa turpis scelerisque diam.
* Nunc et felis est. Phasellus laoreet nibh vel augue
* Faucibus at varius est pretium.

Lorem ipsum dolor sit amet, consectetuer adipiscing elit. Aenean quis nulla eu dui luctus lobortis. Praesent bibendum.","In vulputate libero **in nulla feugiat tincidunt**. Aenean quis nulla eu dui luctus lobortis. Praesent bibendum, lacus nec mollis eleifend, magna nibh mattis nibh. 

Ac viverra tortor eros sit amet tellus. Massa sodales eget lorem dolor, lorem quam quis eget, tellus vestibulum rutrum:

> Aliquam hendrerit mi posuere lectus. Lorem ipsum dolor sit amet,
consectetuer adipiscing elit. Vestibulum enim wisi, viverra nec,
fringilla in, laoreet vitae, risus.",Customization
Change document margins and test interoperability with PDF export,Usability,1,"Lorem ipsum dolor sit amet, consectetuer adipiscing elit. Donec placerat, dui vitae facilisis tempor.

# This is a H1
Lorem ipsum dolor sit amet, consectetuer adipiscing elit. Donec placerat, dui vitae facilisis tempor.

* Donec placerat, dui vitae
* Ut auctor mi erat ac dolor.
* Lorem ipsum dolor sit amet, consectetuer adipiscing elit.

## This is a H2
Cras elit. Etiam massa dolor, ornare sit amet, lacinia nec, bibendum ut, magna. Donec a ipsum et massa lobortis ornare:

> Lorem ipsum dolor sit amet,
consectetuer adipiscing elit. Aliquam hendrerit mi posuere lectus.
Vestibulum enim wisi, viverra nec, fringilla in, laoreet vitae, risus.

### This is a H3

1. Donec placerat, dui vitae
2. Ut auctor mi erat ac dolor.
3. Lorem ipsum dolor sit amet, consectetuer adipiscing elit.

Consectetuer adipiscing elit. Aliquam hendrerit mi posuere lectus.
Vestibulum enim wisi, viverra nec, fringilla in, laoreet vitae, risus at http://testrail.com/.

		.pieChart .legendContainer {
			float: left;
			width: 200px;
			height: 180px;
			margin-right: 60px;
		}
		
Lorem ipsum dolor sit amet,
consectetuer adipiscing elit. Aliquam hendrerit mi posuere lectus.
Vestibulum enim wisi, viverra nec, fringilla in, laoreet vitae, risus.

![TestRail](http://www.gurock.com/images/testrail/screenshots/dashboard-short.png)","In vulputate libero at http://www.example.com/.

* Donec placerat, dui vitae
* Ut auctor mi erat ac dolor.
* Lorem ipsum dolor sit amet, consectetuer adipiscing elit.","Massa sodales eget lorem dolor, lorem quam quis eget, tellus vestibulum rutrum, vel auctor vestibulum lectus ligula ut mauris.",Customization
Change text alignment in an inline table,Functionality,4,"Lorem ipsum dolor sit amet, consectetuer adipiscing elit. Donec placerat, dui vitae facilisis tempor.

* Donec placerat, dui vitae
* Ut auctor mi erat ac dolor.
* Lorem ipsum dolor sit amet, consectetuer adipiscing elit.

See [C17].

Cras elit. Etiam massa dolor, ornare sit amet, lacinia nec, bibendum ut, magna. Donec a ipsum et massa lobortis ornare:

> Lorem ipsum dolor sit amet,
consectetuer adipiscing elit. Aliquam hendrerit mi posuere lectus.
Vestibulum enim wisi, viverra nec, fringilla in, laoreet vitae, risus.

Cras elit. Etiam massa dolor, ornare sit amet, lacinia nec, bibendum ut, magna. Donec a ipsum et massa lobortis ornare. Vestibulum hendrerit ultricies quam. Vestibulum viverra ultrices **magna**. Phasellus id velit non neque scelerisque tempus. Praesent nisl dui, commodo sed, porttitor nec, mattis consectetuer, ligula.","In vulputate libero at http://www.example.com/.

* Donec placerat, dui vitae
* Ut auctor mi erat ac dolor.
* Lorem ipsum dolor sit amet, consectetuer adipiscing elit.","In vulputate libero **in nulla feugiat tincidunt**. Aenean quis nulla eu dui luctus lobortis. Praesent bibendum, lacus nec mollis eleifend, magna nibh mattis nibh. 

Ac viverra tortor eros sit amet tellus. Massa sodales eget lorem dolor, lorem quam quis eget, tellus vestibulum rutrum:

> Aliquam hendrerit mi posuere lectus. Lorem ipsum dolor sit amet,
consectetuer adipiscing elit. Vestibulum enim wisi, viverra nec,
fringilla in, laoreet vitae, risus.",Customization
Verify line spacing on multi-page document,Other,2,"Suspendisse orci nisi, imperdiet a, sollicitudin sit amet, eleifend sed, metus. Nunc placerat odio sit amet turpis. Maecenas cursus ante ac nunc. [T3].

Quisque pellentesque mauris ut nulla convallis placerat. Vivamus vitae massa eget urna elementum porta.","In vulputate libero **in nulla feugiat tincidunt**:

* Felis libero varius orci, in vulputate
* Massa turpis scelerisque diam.
* Nunc et felis est. Phasellus laoreet nibh vel augue
* Faucibus at varius est pretium.

Lorem ipsum dolor sit amet, consectetuer adipiscing elit. Aenean quis nulla eu dui luctus lobortis. Praesent bibendum.","Massa sodales eget lorem dolor, lorem quam quis eget, tellus vestibulum rutrum, vel auctor vestibulum lectus ligula ut mauris.",Customization
